<TxForm Name="TxForm1" Left="302" Top="121" Width="616" Height="580" Caption="TxForm1" Color="-2147483633" OldCreateOrder="False" Visible="True"><TxLabel Name="TxLabel1" Left="16" Top="4" Width="158" Height="13" Text="xForms. Конкурсная работа для"/><TxTextEdit Name="TxTextEdit1" Left="20" Top="44" Width="300" Height="21" TabOrder="0" Text="Достоинства:"/><TxButton Name="TxButton1" Left="20" Top="76" Width="308" Height="25" Caption="1) дизайнер форм на уровне Delphi" TabOrder="1"/><TxLabel Name="TxLabel2" Left="20" Top="108" Width="366" Height="13" Text="- перемещение и масштабирование компонент мышкой и с клавиатуры"/><TxLabel Name="TxLabel3" Left="18" Top="126" Width="189" Height="13" Text="- сетка, режим HtmlForm, popup меню"/><TxButton Name="TxButton2" Left="20" Top="152" Width="308" Height="25" Caption="2) Object Inspector" TabOrder="2"/><TxLabel Name="TxLabel4" Left="24" Top="188" Width="186" Height="13" Text="что тут говорить - это видеть надо ;-)"/><TxLabel Name="TxLabel5" Left="32" Top="520" Width="189" Height="13" Text="Copyright (c)2000-2002 Andrew P.Rybin"/><TxLabel Name="TxLabel6" Left="16" Top="21" Width="572" Height="13" Text="Сделано за 3 (три!) дня. При этом проект не завязан на задании - все его куски полезны в рабочих программах"/><TxButton Name="TxButton3" Left="24" Top="224" Width="308" Height="24" Caption="3) Экспорт/Импорт объектов в XML" TabOrder="3"/><TxLabel Name="TxLabel7" Left="28" Top="256" Width="208" Height="13" Text="- любые объекты с published свойствами"/><TxLabel Name="TxLabel8" Left="26" Top="275" Width="45" Height="13" Text="- TStrings"/><TxLabel Name="TxLabel9" Left="28" Top="292" Width="60" Height="13" Text="- коллекции"/><TxLabel Name="TxLabel10" Left="28" Top="308" Width="323" Height="13" Text="- у объектов компонентов загружаются/выгружаются все дети"/><TxLabel Name="TxLabel11" Left="28" Top="324" Width="359" Height="13" Text="- при импорте поиск классовой ссылки по имени ведется 'как родной'"/><TxTextEdit Name="TxTextEdit2" Left="56" Top="344" Width="428" Height="21" TabOrder="4" Text="в глобальном списке (Classes.pas)"/><TxButton Name="TxButton4" Left="28" Top="420" Width="308" Height="25" Caption="4) экспорт форм в HTML" TabOrder="5"/><TxTextEdit Name="TxTextEdit3" Left="28" Top="468" Width="480" Height="22" TabOrder="6" Text="Скачайте и спользуйте дизайнер+инспектор и XML I/O в своих программах!"/><TxLabel Name="TxLabel12" Left="32" Top="496" Width="175" Height="12" Text="http://is.bmtelecom.ru/apr/xforms.zip" WebLink="http://is.bmtelecom.ru/apr/xforms.zip"/><TxTextEdit Name="TxTextEdit4" Left="56" Top="368" Width="428" Height="21" TabOrder="7" Text="публичных свойствах"/><TxTextEdit Name="TxTextEdit5" Left="56" Top="392" Width="428" Height="21" TabOrder="8" Text="полях компонентов"/><TxLabel Name="TxLabel13" Left="180" Top="4" Width="113" Height="13" Text="http://www.dxrussia.ru/" WebLink="http://www.dxrussia.ru/"/><TFont ParentPropertyName="Font" Charset="1" Color="-2147483640" Height="-11" Name="MS Sans Serif"/></TxForm>
