<?xml version="1.0"?>
<FORM Name="Form #" Caption="TEST" Objects="11">
<LABEL Br="1" Al="0" Left="20" Top="20" Width="60" Height="40">Label 1</LABEL>
<LABEL Br="1" Al="13" Left="80" Top="60" Width="60" Height="40">Label 2</LABEL>
<LABEL Br="1" Al="2" Left="140" Top="20" Width="60" Height="40">Label 3</LABEL>
<BUTTON Br="1" Al="5" Left="80" Top="20" Width="60" Height="20">Button 4</BUTTON>
<BUTTON Br="1" Al="5" Left="20" Top="60" Width="20" Height="40">Button 5</BUTTON>
<BUTTON Br="1" Al="5" Left="160" Top="60" Width="40" Height="40">Button 6</BUTTON>
<EDIT Br="1" Al="5" Left="20" Top="100" Width="180" Height="20">Edit 7</EDIT>
<TABLE Br="1" Al="5" Left="40" Top="60" Width="40" Height="40">Table 8</TABLE>
<TABLE Br="1" Al="5" Left="80" Top="40" Width="40" Height="20">Table 9</TABLE>
</FORM>
